4.172504,4.77269,4.607087,4.231926,4.499796,4.298121,4.062652,3.763158,4.141281,4.387979,4.630191,4.187166,4.14924,4.230914,4.407829,3.617318,4.275418,4.479102,4.132468,4.113255,4.627781,4.440211,3.4526,3.774051,3.418394,4.35185,3.935557,4.059298,4.462366,3.761779,3.968244,4.222944,4.046344,4.433172,4.188298,4.477096,3.915354,4.447447,4.291059,4.258574,4.377302,4.335616,4.145684,4.249869,4.531728,4.338355,4.123799,4.3669,4.554069,3.995912,4.547622,4.240171,4.452421,4.663995,4.500439,4.671217,4.374421,4.340214,3.715111,4.0,4.365858,4.50695,4.333912,4.634788,3.72708,4.593212,4.275841,4.436518,4.689827,4.554567,4.327355,4.740319,4.438724,4.790421,4.306242,4.116006,4.471712,4.377972,4.080746,4.724971,4.483005,4.478056,3.944389,4.125874,4.148883,4.330563,4.641985,4.646343,4.209332,4.631753,4.51938,4.355322,4.407285,4.400021,4.047917,3.884091,4.091603,4.263158,4.459359,4.077586
4.176831,4.772166,4.61108,4.232682,4.508827,4.297175,4.06563,3.76461,4.141722,4.386674,4.629252,4.188548,4.150063,4.233943,4.414846,3.632597,4.277013,4.478396,4.119289,4.109095,4.626206,4.440728,3.460695,3.779433,3.422013,4.350785,3.940381,4.062761,4.341935,3.73508,3.972641,4.224488,4.04874,4.431664,4.186527,4.478611,3.914295,4.44851,4.287407,4.255384,4.376274,4.334634,4.143411,4.252201,4.531619,4.336757,4.12097,4.365076,4.553695,3.995019,4.542749,4.235264,4.448636,4.663378,4.498123,4.669994,4.370072,4.342528,3.715629,3.931034,4.364524,4.505278,4.33692,4.630744,3.729888,4.592142,4.275385,4.435628,4.688313,4.553524,4.32831,4.739714,4.42919,4.789074,4.306921,4.116929,4.47223,4.378262,4.082863,4.723445,4.482116,4.483172,3.942909,4.123955,4.148883,4.329474,4.642001,4.645509,4.203115,4.640551,4.518626,4.356609,4.4066,4.397746,4.052925,3.901316,4.088889,4.238095,4.455072,4.04878
4.179494,4.771427,4.616038,4.233807,4.514188,4.296725,4.066881,3.774245,4.142137,4.385912,4.628488,4.190139,4.150628,4.235361,4.419866,3.644022,4.278916,4.478514,4.117207,4.106699,4.624755,4.441668,3.471162,3.780664,3.422414,4.349646,3.944266,4.066408,4.353591,3.726634,3.974975,4.219902,4.047591,4.430504,4.18534,4.479432,3.91328,4.448956,4.286021,4.253349,4.375539,4.333501,4.141695,4.254877,4.53182,4.336434,4.118966,4.364056,4.553772,3.996588,4.540428,4.233491,4.44582,4.662877,4.499394,4.668457,4.370518,4.345409,3.714899,4.0,4.363574,4.503825,4.340739,4.628053,3.732786,4.591267,4.275099,4.435717,4.68585,4.552461,4.329027,4.739137,4.513565,4.7888,4.306037,4.116791,4.473053,4.378579,4.08458,4.722458,4.481728,4.487759,3.941994,4.115118,4.147227,4.328516,4.641833,4.643925,4.203956,4.641039,4.518657,4.357344,4.406232,4.396364,4.05454,3.91757,4.080882,4.255814,4.454936,4.04878
4.184123,4.770753,4.619515,4.235404,4.516727,4.296247,4.067905,3.789969,4.142901,4.385642,4.625201,4.191052,4.149999,4.237158,4.422055,3.643432,4.281137,4.477633,4.117714,4.101894,4.622819,4.442538,3.48131,3.797418,3.422002,4.348238,3.949712,4.067846,4.326087,3.723809,3.978043,4.191564,4.04807,4.429241,4.180354,4.480208,3.913352,4.448992,4.2849,4.25296,4.37474,4.332362,4.139706,4.255615,4.531756,4.336119,4.116696,4.362988,4.553725,3.997599,4.539356,4.231481,4.442205,4.662489,4.49758,4.666506,4.368713,4.347257,3.7149,4.085714,4.362312,4.501983,4.342141,4.623857,3.735251,4.592983,4.27447,4.435606,4.684919,4.551062,4.329401,4.738035,4.53311,4.788161,4.303876,4.117406,4.473296,4.380297,4.086067,4.721898,4.482098,4.492037,3.941314,4.113103,4.146038,4.323968,4.643997,4.641543,4.208937,4.643305,4.518305,4.358056,4.405195,4.394718,4.057902,3.92569,4.1,4.266667,4.460627,4.069767
4.188067,4.770584,4.625196,4.235929,4.522242,4.295548,4.068931,3.79321,4.145368,4.385453,4.623057,4.190463,4.149402,4.238109,4.424558,3.653439,4.28355,4.47622,4.106638,4.099548,4.620947,4.442577,3.482475,3.806877,3.430241,4.346878,3.961572,4.075867,4.325926,3.725053,3.978163,4.062978,4.049025,4.427834,4.18157,4.481505,3.913122,4.449195,4.281557,4.25239,4.373951,4.331442,4.138249,4.25574,4.531859,4.335158,4.114731,4.361424,4.553353,3.999084,4.5404,4.229736,4.439223,4.663619,4.496557,4.664455,4.365716,4.349298,3.715709,4.025,4.362268,4.499925,4.342591,4.622758,3.738585,4.59275,4.273215,4.434839,4.684013,4.55038,4.330086,4.737616,4.538569,4.788524,4.300682,4.117739,4.471428,4.381463,4.087768,4.721392,4.481995,4.494653,3.940748,4.109739,4.14517,4.32201,4.64461,4.642064,4.211124,4.643024,4.517117,4.358577,4.407628,4.391984,4.060651,3.921971,4.111111,4.212766,4.464894,4.030075
4.190855,4.769894,4.633393,4.235923,4.526658,4.29448,4.06606,3.79052,4.145777,4.384573,4.620774,4.190983,4.148369,4.237776,4.42519,3.648148,4.28454,4.477262,4.102455,4.096112,4.619239,4.443489,3.478797,3.78467,3.433409,4.345315,3.966294,4.089327,4.298361,3.726506,3.978771,4.009,4.053354,4.426489,4.183736,4.483408,3.913277,4.449629,4.278502,4.252969,4.373084,4.330625,4.136721,4.254649,4.531345,4.334513,4.111805,4.359862,4.552667,4.002442,4.539474,4.228091,4.435668,4.663752,4.495602,4.66339,4.362694,4.34987,3.715908,4.047619,4.361044,4.498167,4.345506,4.619433,3.740829,4.592579,4.271028,4.433552,4.683233,4.54938,4.331127,4.737176,4.539063,4.788318,4.297644,4.116472,4.469791,4.382104,4.088491,4.721134,4.482141,4.496798,3.940416,4.105335,4.145054,4.32014,4.644668,4.641319,4.209811,4.64523,4.516633,4.358681,4.406409,4.389812,4.064393,3.921529,4.073333,4.244898,4.462358,4.05036
4.194023,4.769472,4.638762,4.235798,4.531167,4.292803,4.071512,3.7882,4.144085,4.383085,4.61899,4.191627,4.146365,4.236683,4.426385,3.652742,4.286899,4.474815,4.090625,4.093273,4.617295,4.442279,3.477928,3.776077,3.436084,4.343314,3.972922,4.099192,4.297143,3.727591,3.978359,3.97736,4.053534,4.424632,4.18126,4.484706,3.913205,4.450005,4.277847,4.252346,4.3713,4.328683,4.134553,4.254421,4.530059,4.332855,4.108328,4.357114,4.55174,4.002137,4.538099,4.227897,4.430768,4.662907,4.494911,4.662184,4.355424,4.350091,3.716358,4.085106,4.360335,4.496077,4.347554,4.616249,3.744006,4.592479,4.268655,4.431699,4.683435,4.547911,4.332534,4.737917,4.537316,4.787142,4.294613,4.1156,4.46776,4.382864,4.088865,4.720391,4.48232,4.497915,3.938852,4.105978,4.144891,4.31818,4.64939,4.640188,4.20736,4.644572,4.523071,4.35854,4.404161,4.387696,4.067812,3.906931,4.065789,4.203704,4.453307,4.028169
4.195411,4.768765,4.643364,4.235702,4.536869,4.293163,4.069946,3.777444,4.142335,4.381288,4.61606,4.190568,4.145129,4.236326,4.428933,3.643411,4.28586,4.47387,4.091282,4.090334,4.61525,4.443119,3.474674,3.765566,3.433889,4.341506,3.97937,4.106043,4.316708,3.727322,3.979109,3.960225,4.055879,4.422872,4.179165,4.488706,3.913144,4.450008,4.275481,4.251088,4.371146,4.32731,4.132514,4.254911,4.528868,4.331489,4.104788,4.355277,4.549327,4.00234,4.53742,4.221728,4.4267,4.661735,4.494006,4.661152,4.350368,4.352151,3.716808,4.041667,4.358299,4.493722,4.351397,4.615446,3.74618,4.593191,4.26673,4.430689,4.681651,4.546516,4.332245,4.737175,4.536537,4.786702,4.293004,4.114869,4.466182,4.383355,4.088376,4.719329,4.481805,4.499504,3.937882,4.105834,4.143808,4.317211,4.648347,4.63862,4.205511,4.644251,4.523019,4.358302,4.402481,4.384756,4.070524,3.922179,4.058065,4.245614,4.452124,4.028169
4.19587,4.768427,4.647666,4.235097,4.534281,4.292354,4.07338,3.77003,4.142499,4.379165,4.614234,4.190291,4.143906,4.236966,4.43208,3.655696,4.285869,4.4746,4.087133,4.0877,4.612975,4.445039,3.472854,3.75396,3.431068,4.330614,3.985061,4.10848,4.256637,3.726944,3.979306,3.942578,4.059131,4.420962,4.178157,4.489805,3.914683,4.450494,4.271297,4.252115,4.369932,4.326209,4.130813,4.255179,4.527876,4.330311,4.102533,4.352993,4.548159,4.00205,4.537119,4.222235,4.423354,4.659886,4.49303,4.660008,4.345445,4.352948,3.716071,4.072727,4.356687,4.491285,4.349282,4.61341,3.748012,4.592739,4.264873,4.42998,4.68111,4.545237,4.331781,4.736805,4.535352,4.785572,4.289927,4.113291,4.464849,4.383116,4.088559,4.717403,4.48216,4.500171,3.936187,4.107046,4.142532,4.319076,4.647786,4.637861,4.202611,4.64223,4.523336,4.357983,4.400856,4.381853,4.076119,3.919694,4.081761,4.142857,4.455219,4.013889
4.196523,4.767385,4.652652,4.235468,4.538509,4.290851,4.07444,3.766082,4.142166,4.377295,4.613482,4.190843,4.142978,4.237389,4.433914,3.662469,4.286141,4.472943,4.08862,4.084667,4.611051,4.445651,3.4761,3.75229,3.429506,4.298164,3.990385,4.111365,4.253937,3.726519,3.980163,3.92632,4.058463,4.420204,4.176106,4.490867,3.914033,4.449542,4.266188,4.250373,4.368329,4.324667,4.128685,4.255717,4.526858,4.329016,4.099828,4.351415,4.547263,4.000593,4.535931,4.214341,4.420432,4.659349,4.491603,4.658837,4.343572,4.35417,3.71641,4.017544,4.356417,4.489244,4.350935,4.611145,3.751719,4.591627,4.263475,4.428755,4.678251,4.543764,4.330123,4.735526,4.533643,4.784226,4.28766,4.110476,4.463229,4.382838,4.089606,4.716503,4.483156,4.499664,3.934697,4.104839,4.143004,4.318922,4.645622,4.637659,4.204343,4.640262,4.522055,4.358159,4.400245,4.37854,4.078201,3.92467,4.098765,4.15625,4.453995,4.033113
4.197995,4.766314,4.655153,4.234639,4.540206,4.288736,4.074116,3.751437,4.1411,4.375266,4.612455,4.190307,4.142089,4.237683,4.435548,3.659204,4.287146,4.472098,4.098117,4.081746,4.608484,4.445929,3.475556,3.749765,3.425555,4.290881,3.994311,4.113437,4.264865,3.726616,3.981022,3.911172,4.059305,4.419276,4.174919,4.491939,3.914209,4.449408,4.264412,4.250214,4.366298,4.322649,4.126084,4.256328,4.525584,4.327731,4.097031,4.350214,4.546184,3.994885,4.534545,4.212049,4.417072,4.659055,4.490738,4.657733,4.335898,4.355069,3.717481,3.901639,4.355554,4.48774,4.351187,4.608863,3.754688,4.59141,4.261857,4.4275,4.677406,4.541869,4.329146,4.735268,4.533517,4.784811,4.282754,4.104867,4.461473,4.382536,4.093879,4.715962,4.482678,4.499399,3.932704,4.106952,4.141439,4.318113,4.644687,4.63687,4.2092,4.639199,4.52217,4.357475,4.39884,4.375552,4.080064,3.920074,4.117647,4.214286,4.453896,4.0
4.198554,4.76566,4.659677,4.230776,4.545184,4.286842,4.071994,3.760684,4.13962,4.373117,4.610997,4.189442,4.141355,4.237937,4.437504,3.662531,4.283435,4.471452,4.104956,4.07846,4.605409,4.449437,3.476872,3.749909,3.428144,4.287074,3.996813,4.128388,4.266776,3.727575,3.981814,3.905525,4.058824,4.418159,4.173904,4.49287,3.913998,4.449714,4.265613,4.248987,4.364231,4.32133,4.124335,4.256212,4.524642,4.326641,4.094566,4.347832,4.545349,3.988933,4.53221,4.214021,4.41401,4.658582,4.490032,4.656656,4.335974,4.355985,3.719418,3.893939,4.354912,4.485727,4.351503,4.607039,3.757403,4.590551,4.260448,4.426142,4.676276,4.539958,4.327269,4.734716,4.531968,4.784067,4.280476,4.100775,4.459931,4.382508,4.098748,4.715311,4.482352,4.4994,3.931054,4.110372,4.140968,4.317469,4.644519,4.634541,4.212039,4.638531,4.521924,4.357385,4.397022,4.373587,4.080914,3.928832,4.104046,4.236111,4.449419,3.994048
4.199338,4.765124,4.661613,4.229676,4.542516,4.2848,4.071455,3.762307,4.138763,4.371114,4.61045,4.189257,4.140799,4.238187,4.438704,3.672372,4.283098,4.470628,4.104808,4.07556,4.602687,4.449368,3.478191,3.752043,3.427475,4.285692,4.001612,4.134789,4.251874,3.728209,3.981775,3.901509,4.058415,4.416983,4.172581,4.492729,3.913748,4.450126,4.266994,4.253629,4.362216,4.319774,4.122639,4.256618,4.523476,4.325759,4.092298,4.345788,4.544446,3.987435,4.532391,4.212188,4.410702,4.658073,4.489482,4.655844,4.335914,4.357118,3.71931,3.942857,4.353517,4.48331,4.351068,4.604609,3.760255,4.58922,4.258813,4.424511,4.673085,4.538483,4.32727,4.734578,4.529779,4.783544,4.277514,4.097354,4.458459,4.382882,4.102022,4.714148,4.482566,4.498741,3.929217,4.107427,4.139995,4.315715,4.646287,4.63145,4.214668,4.63976,4.52188,4.357002,4.395243,4.371771,4.081215,3.915771,4.073034,4.236111,4.445455,3.994186
4.199806,4.764418,4.66467,4.228967,4.542252,4.282867,4.072042,3.76569,4.138674,4.368711,4.610844,4.189102,4.139888,4.238239,4.439188,3.669903,4.283833,4.468861,4.103908,4.072501,4.600056,4.450264,3.478797,3.750821,3.429879,4.283304,4.004259,4.137293,4.247283,3.727981,3.982515,3.897968,4.057932,4.415421,4.170375,4.492933,3.913558,4.449897,4.264239,4.25752,4.359999,4.317787,4.120944,4.256222,4.521525,4.324579,4.086167,4.343666,4.543447,3.983823,4.529852,4.211003,4.406853,4.657834,4.489082,4.654368,4.334479,4.357239,3.719122,3.932432,4.352183,4.479808,4.351473,4.601873,3.764318,4.587818,4.256953,4.422728,4.672065,4.536353,4.325806,4.734849,4.527755,4.782765,4.274607,4.093804,4.4569,4.383172,4.104698,4.712731,4.483744,4.498034,3.926978,4.10596,4.138209,4.313745,4.646174,4.63079,4.210805,4.641316,4.521229,4.356515,4.392966,4.369769,4.082595,3.922261,4.073034,4.236111,4.442897,4.0
4.199862,4.763582,4.666187,4.229957,4.544454,4.281055,4.072599,3.762102,4.138972,4.366787,4.609748,4.188102,4.139185,4.238078,4.440378,3.657005,4.28558,4.4692,4.108593,4.068992,4.598441,4.451134,3.480183,3.756707,3.428956,4.281882,4.008799,4.143107,4.249398,3.727898,3.982123,3.894628,4.060414,4.413955,4.168098,4.493113,3.913819,4.4497,4.26419,4.258374,4.358006,4.31613,4.118852,4.256785,4.519568,4.323197,4.08266,4.341387,4.542481,3.983385,4.528964,4.203791,4.405018,4.657596,4.488478,4.653488,4.331124,4.358076,3.719816,4.0,4.352001,4.477863,4.354175,4.599936,3.767616,4.587545,4.254936,4.421194,4.669562,4.534363,4.323071,4.733061,4.526731,4.781811,4.270159,4.092764,4.455492,4.382448,4.106076,4.711756,4.484658,4.497948,3.925047,4.108037,4.138113,4.313752,4.65073,4.628359,4.211518,4.640819,4.520931,4.355636,4.390745,4.368298,4.083032,3.93437,4.097826,4.197368,4.449212,3.989247
4.199798,4.762646,4.670214,4.230256,4.543996,4.280502,4.0718,3.763661,4.139128,4.364716,4.609243,4.188162,4.138292,4.238199,4.440621,3.669048,4.284901,4.469205,4.09311,4.065627,4.596003,4.450683,3.483992,3.755873,3.430457,4.280542,4.013496,4.150455,4.255482,3.726752,3.982252,3.891935,4.05955,4.41229,4.165301,4.493367,3.913722,4.449759,4.262822,4.259942,4.357494,4.312134,4.116435,4.257595,4.518208,4.322123,4.077496,4.339501,4.541669,3.980431,4.526478,4.198332,4.402633,4.657265,4.488481,4.652198,4.329745,4.358621,3.720683,4.0,4.3508,4.475629,4.354759,4.597997,3.772578,4.587042,4.25354,4.419655,4.667898,4.533454,4.322437,4.731748,4.525769,4.780495,4.265082,4.091389,4.454346,4.381729,4.108,4.711065,4.483686,4.497375,3.923462,4.109067,4.136788,4.313367,4.652158,4.628958,4.205458,4.640068,4.520161,4.354727,4.388508,4.367298,4.081652,3.929766,4.106952,4.17284,4.44415,3.984456
4.199764,4.762013,4.669762,4.230085,4.544363,4.279323,4.069501,3.765348,4.138579,4.363325,4.606527,4.189451,4.138308,4.24978,4.441898,3.677647,4.286775,4.46864,4.091996,4.062192,4.594355,4.450586,3.487294,3.750882,3.433642,4.279377,4.017422,4.159616,4.262097,3.723833,3.981711,3.887252,4.061463,4.411592,4.162548,4.493993,3.913963,4.449237,4.261851,4.260157,4.356155,4.307363,4.114765,4.257414,4.51706,4.321142,4.071641,4.337987,4.54077,3.963457,4.523414,4.198086,4.400433,4.656723,4.488007,4.651369,4.329631,4.358842,3.721071,3.988764,4.350841,4.473447,4.355094,4.59581,3.776827,4.586137,4.252538,4.418451,4.666802,4.532553,4.32226,4.731149,4.525716,4.77964,4.258852,4.090047,4.453504,4.380909,4.115349,4.709741,4.48417,4.496734,3.921936,4.10616,4.135238,4.312612,4.651608,4.628408,4.209694,4.639499,4.521437,4.353701,4.387297,4.365973,4.080646,3.934747,4.103627,4.180723,4.44824,4.005102
4.20011,4.761336,4.671407,4.230749,4.544453,4.277812,4.070363,3.767253,4.138277,4.361488,4.605772,4.190062,4.137638,4.267462,4.44323,3.665893,4.284779,4.469824,4.086521,4.059609,4.591856,4.450479,3.490028,3.751056,3.432562,4.279752,4.005905,4.163915,4.275093,3.721857,3.982722,3.885087,4.063227,4.410375,4.158996,4.494421,3.91463,4.449005,4.262009,4.260901,4.354676,4.303462,4.112814,4.256467,4.51498,4.320238,4.067491,4.336303,4.539979,3.95996,4.521564,4.194157,4.398271,4.655966,4.487835,4.65019,4.32911,4.359185,3.722488,4.041237,4.349604,4.471581,4.355572,4.592877,3.781892,4.585241,4.251862,4.416577,4.664618,4.531462,4.321875,4.72981,4.524578,4.779056,4.255206,4.087837,4.452142,4.380289,4.122063,4.709425,4.484104,4.49616,3.921237,4.10733,4.134792,4.312315,4.653446,4.627022,4.210156,4.63942,4.520808,4.353288,4.385384,4.364345,4.080144,3.932149,4.121827,4.197674,4.440464,3.99505
4.200068,4.760966,4.672566,4.230431,4.543715,4.276128,4.06794,3.764468,4.137625,4.359928,4.604817,4.189223,4.136571,4.278037,4.444263,3.670481,4.285498,4.465465,4.087862,4.057705,4.590014,4.454058,3.489848,3.754246,3.432225,4.280236,3.997855,4.167372,4.283865,3.722291,3.983823,3.882304,4.063884,4.409566,4.159058,4.494884,3.915241,4.448124,4.259701,4.260442,4.353404,4.300071,4.111185,4.257379,4.514142,4.319654,4.065305,4.334868,4.539147,3.958427,4.522738,4.191269,4.396992,4.654725,4.488935,4.649176,4.326148,4.359693,3.721913,4.01,4.348253,4.469713,4.356192,4.590405,3.78543,4.584261,4.251222,4.414702,4.664659,4.530612,4.320868,4.728136,4.523668,4.778179,4.253972,4.084394,4.451204,4.379504,4.125082,4.708677,4.485424,4.494901,3.919778,4.10733,4.135037,4.311326,4.650792,4.626304,4.204658,4.638176,4.520791,4.353218,4.383917,4.363036,4.080867,3.946203,4.130653,4.197674,4.440099,3.995098
4.199984,4.760642,4.675842,4.229956,4.545143,4.274378,4.069533,3.75133,4.136382,4.358246,4.604634,4.189177,4.135035,4.283745,4.446073,3.68552,4.285365,4.465149,4.089189,4.055924,4.588354,4.455654,3.491702,3.752139,3.433121,4.280425,3.993657,4.171328,4.251634,3.721741,3.985117,3.878338,4.065771,4.408967,4.157844,4.49501,3.915589,4.447732,4.256387,4.263536,4.35219,4.296489,4.109339,4.257752,4.514654,4.31885,4.063741,4.333108,4.538339,3.955222,4.518034,4.181852,4.395749,4.653432,4.489776,4.648596,4.324889,4.359805,3.723108,4.029126,4.348239,4.467587,4.356736,4.588274,3.789027,4.583884,4.250431,4.413176,4.664645,4.529684,4.319385,4.727266,4.522484,4.776706,4.25276,4.083633,4.449758,4.379028,4.127889,4.708326,4.485808,4.493204,3.918159,4.109661,4.135289,4.310027,4.649904,4.625012,4.20374,4.635254,4.519878,4.352829,4.382247,4.361842,4.083309,3.948195,4.146341,4.213483,4.442871,3.975962
4.198652,4.760012,4.678363,4.231114,4.546357,4.272486,4.06945,3.757256,4.135219,4.356592,4.603405,4.188491,4.134208,4.287495,4.448039,3.693512,4.284253,4.465608,4.08871,4.052916,4.587205,4.45786,3.493623,3.750995,3.4337,4.281031,3.985329,4.173913,4.253435,3.720905,3.985627,3.875353,4.066629,4.408301,4.158638,4.494988,3.915237,4.446841,4.253904,4.26444,4.350882,4.293593,4.107375,4.257916,4.514182,4.317951,4.060083,4.331433,4.537871,3.953374,4.5178,4.181153,4.394392,4.653234,4.488803,4.647694,4.324835,4.359914,3.724565,3.981308,4.347557,4.464787,4.358484,4.583378,3.792193,4.583375,4.249995,4.411657,4.664024,4.528732,4.318908,4.727279,4.521187,4.775946,4.248629,4.082854,4.448885,4.377817,4.130383,4.707639,4.486322,4.490816,3.916833,4.106494,4.135092,4.309191,4.648598,4.625361,4.204102,4.634135,4.518901,4.352437,4.380332,4.360332,4.086317,3.947123,4.138095,4.263158,4.446043,3.980952
4.197553,4.76005,4.682817,4.231078,4.54677,4.270918,4.069197,3.759428,4.134107,4.355033,4.602566,4.189011,4.133755,4.287816,4.448648,3.693333,4.28309,4.464604,4.086879,4.050735,4.586066,4.459202,3.491358,3.753002,3.435004,4.280851,3.973515,4.181748,4.268657,3.721041,3.986611,3.872912,4.068041,4.407519,4.157283,4.494827,3.915864,4.446251,4.252649,4.263333,4.34935,4.290758,4.105598,4.257322,4.513454,4.31716,4.057236,4.329992,4.537041,3.949813,4.518179,4.181682,4.39314,4.652997,4.487861,4.646898,4.32499,4.360045,3.723667,3.962963,4.346782,4.462884,4.360703,4.580059,3.793677,4.582838,4.249284,4.409844,4.663123,4.528084,4.3176,4.727037,4.519278,4.775397,4.24584,4.081712,4.447971,4.376816,4.132139,4.707351,4.486718,4.489273,3.916263,4.106494,4.134401,4.309511,4.648845,4.624502,4.203283,4.633525,4.518617,4.351941,4.378783,4.358782,4.088437,3.940184,4.148837,4.270833,4.447754,3.990654
4.197471,4.759836,4.684838,4.231008,4.547949,4.27014,4.069982,3.767949,4.133281,4.355142,4.601371,4.187358,4.133028,4.288928,4.450103,3.702643,4.2829,4.464513,4.088028,4.048152,4.586375,4.460227,3.492775,3.751458,3.435016,4.280489,3.975245,4.180043,4.253045,3.720804,3.987049,3.870334,4.067142,4.406707,4.156662,4.494645,3.916776,4.445986,4.251492,4.263765,4.347934,4.288652,4.104001,4.256998,4.512856,4.316518,4.053149,4.328233,4.536471,3.946903,4.51734,4.179289,4.391927,4.652434,4.486774,4.646177,4.32409,4.359494,3.722896,3.972727,4.346454,4.461238,4.361656,4.576449,3.795358,4.582067,4.248825,4.407637,4.661528,4.527547,4.339408,4.726233,4.518488,4.775629,4.243042,4.081643,4.446896,4.37633,4.133471,4.706961,4.487088,4.48889,3.915961,4.102332,4.133795,4.309384,4.649183,4.623259,4.204306,4.632701,4.524196,4.351518,4.37762,4.357163,4.087775,3.942337,4.164384,4.203883,4.447124,3.990783
4.197187,4.759619,4.683869,4.230756,4.549579,4.269465,4.065229,3.774522,4.132645,4.357987,4.601614,4.187436,4.132677,4.291357,4.451336,3.70614,4.283544,4.464558,4.084137,4.047456,4.586658,4.461042,3.493337,3.752207,3.436848,4.280131,3.977666,4.181914,4.254392,3.719817,3.987901,3.868785,4.0672,4.40606,4.155723,4.495621,3.917242,4.446173,4.249371,4.263008,4.346831,4.286917,4.102752,4.257199,4.512274,4.31581,4.051414,4.327147,4.535635,3.945113,4.51733,4.17764,4.390737,4.651587,4.486127,4.645587,4.323696,4.359453,3.72215,3.981982,4.345763,4.460083,4.362106,4.574129,3.796404,4.581563,4.248608,4.405787,4.661104,4.527167,4.345326,4.72589,4.517723,4.775197,4.242219,4.081216,4.446228,4.376522,4.134817,4.706667,4.487135,4.488435,3.915665,4.101935,4.133661,4.309403,4.649408,4.623263,4.206439,4.633441,4.530181,4.351215,4.376344,4.356263,4.087894,3.942771,4.161435,4.168224,4.442105,4.004545
4.197549,4.759399,4.683577,4.231296,4.549509,4.268314,4.061986,3.77943,4.132448,4.362687,4.601481,4.185375,4.132896,4.297999,4.454502,3.707424,4.285367,4.465379,4.077579,4.044721,4.58715,4.462077,3.490043,3.759464,3.434996,4.279616,3.9796,4.18995,4.255662,3.717786,3.989368,3.866289,4.066332,4.404994,4.154277,4.497463,3.917663,4.446715,4.246532,4.262143,4.345328,4.283753,4.100186,4.257825,4.511414,4.315026,4.049314,4.324946,4.535282,3.942489,4.514955,4.173131,4.388551,4.650836,4.483962,4.644442,4.292457,4.360064,3.723135,4.0,4.299611,4.458823,4.362429,4.57038,3.799568,4.580582,4.248322,4.402505,4.659101,4.526679,4.351976,4.725335,4.517638,4.775102,4.239767,4.080924,4.444969,4.377607,4.118454,4.706101,4.48822,4.487672,3.915672,4.100515,4.133333,4.309475,4.648705,4.620712,4.207249,4.632456,4.538064,4.3507,4.374245,4.354623,4.088662,3.940387,4.155556,4.155963,4.439496,4.013514
4.197182,4.758953,4.683833,4.231163,4.550374,4.26773,4.063145,3.768575,4.131948,4.365724,4.601666,4.185568,4.132231,4.300477,4.456271,3.704348,4.287097,4.463138,4.071609,4.0419,4.587299,4.464154,3.490012,3.759561,3.434666,4.279485,3.982077,4.197038,4.255879,3.71458,3.989812,3.863968,4.065034,4.403676,4.152074,4.498197,3.917429,4.446112,4.24424,4.261671,4.3444,4.281824,4.098783,4.258503,4.510769,4.313899,4.047858,4.323356,4.535118,3.938855,4.515624,4.172132,4.386735,4.650109,4.482355,4.643652,4.283752,4.359816,3.724097,4.008475,4.283797,4.457627,4.362838,4.568117,3.80096,4.580145,4.248054,4.400705,4.658409,4.52631,4.354088,4.725028,4.516911,4.774246,4.238563,4.08037,4.444469,4.377795,4.120337,4.705429,4.489999,4.487354,3.915364,4.101673,4.132593,4.309222,4.651822,4.621139,4.205234,4.631992,4.54169,4.350789,4.373241,4.353823,4.089827,3.946667,4.159292,4.155963,4.436776,4.022222
4.197095,4.758414,4.68413,4.230472,4.555393,4.266725,4.06447,3.766667,4.131121,4.370805,4.602603,4.18593,4.132126,4.303413,4.459882,3.702586,4.287982,4.462594,4.073517,4.039405,4.588157,4.46589,3.489698,3.76372,3.435826,4.279507,3.983922,4.20425,4.247764,3.712491,3.990491,3.860908,4.063982,4.402325,4.150939,4.499357,3.917837,4.44601,4.243374,4.26385,4.343213,4.27917,4.096983,4.258824,4.510073,4.312828,4.046573,4.321722,4.534643,3.939563,4.512021,4.167243,4.384902,4.649201,4.480962,4.642785,4.278238,4.359414,3.724129,3.983607,4.272953,4.4561,4.363889,4.566436,3.803502,4.579799,4.247557,4.398076,4.6578,4.525989,4.358041,4.724825,4.516203,4.773813,4.236927,4.079359,4.44362,4.377966,4.123729,4.705463,4.490368,4.486506,3.915136,4.100128,4.132485,4.308904,4.654956,4.617306,4.203359,4.632902,4.549229,4.350753,4.371839,4.352662,4.09183,3.937318,4.162996,4.105263,4.435526,3.995671
4.19714,4.75832,4.68276,4.230775,4.55593,4.266361,4.064573,3.765882,4.130847,4.374815,4.602968,4.186047,4.132204,4.305594,4.462449,3.704497,4.289022,4.462746,4.073029,4.03911,4.588758,4.466614,3.488801,3.765262,3.436302,4.279692,3.985502,4.206126,4.244579,3.714982,3.99158,3.859559,4.064309,4.40194,4.150606,4.500983,3.918107,4.4462,4.242309,4.265431,4.347399,4.27747,4.095929,4.259666,4.510655,4.312756,4.04604,4.320462,4.534346,3.937565,4.511523,4.157452,4.383875,4.648491,4.48228,4.642512,4.277677,4.359485,3.725228,3.99187,4.267513,4.455018,4.36423,4.565107,3.805351,4.5795,4.247339,4.396256,4.658537,4.526097,4.360137,4.725048,4.516182,4.773304,4.236375,4.079044,4.443193,4.378441,4.126437,4.705064,4.490718,4.485377,3.915244,4.101152,4.132851,4.309146,4.653447,4.61607,4.198649,4.633975,4.553255,4.350962,4.370896,4.351712,4.093062,3.946686,4.170306,4.084746,4.436559,4.016878
4.196138,4.757903,4.684571,4.230633,4.559226,4.265252,4.064357,3.761072,4.130061,4.37817,4.603322,4.185707,4.131745,4.307583,4.464784,3.713376,4.290916,4.462456,4.074257,4.036365,4.59081,4.46756,3.482666,3.767753,3.437429,4.27967,3.990382,4.212067,4.229157,3.714424,3.99215,3.85862,4.065682,4.400104,4.149194,4.502124,3.91847,4.446181,4.24213,4.265413,4.347431,4.275129,4.094452,4.260605,4.511056,4.311094,4.043209,4.318752,4.53377,3.935253,4.512023,4.142846,4.381762,4.647207,4.48073,4.641756,4.276363,4.359282,3.726177,4.0,4.264434,4.453629,4.364179,4.563263,3.807505,4.579069,4.246712,4.393997,4.656881,4.525681,4.361735,4.724742,4.515839,4.773018,4.23495,4.078336,4.442699,4.378387,4.128691,4.703861,4.490962,4.484084,3.914826,4.099744,4.132082,4.309232,4.652936,4.615178,4.197509,4.633281,4.55827,4.350416,4.369082,4.350444,4.095326,3.944602,4.177489,4.112,4.431049,4.016461
4.195136,4.757539,4.684863,4.230121,4.561253,4.264263,4.061285,3.745958,4.129318,4.38054,4.603404,4.185257,4.131564,4.30969,4.466916,3.708245,4.292213,4.461777,4.071487,4.033602,4.59285,4.469311,3.484915,3.767182,3.435115,4.279475,3.991433,4.216606,4.226424,3.712428,3.991931,3.857255,4.064402,4.398634,4.148969,4.50305,3.919451,4.445989,4.242841,4.264395,4.346634,4.272977,4.093201,4.261228,4.510657,4.309839,4.03589,4.317036,4.53288,3.937853,4.511075,4.13303,4.38004,4.646814,4.479046,4.641096,4.273049,4.359472,3.725928,4.0,4.262499,4.452464,4.364929,4.562083,3.809398,4.578165,4.246232,4.392301,4.65625,4.525319,4.365111,4.724914,4.515111,4.771936,4.23333,4.07759,4.441819,4.378584,4.12991,4.70326,4.490935,4.483814,3.914309,4.100894,4.131693,4.309189,4.651057,4.614091,4.194359,4.632558,4.561353,4.350058,4.368104,4.349132,4.096972,3.943978,4.179487,4.098485,4.432196,4.02834
4.193161,4.756692,4.685693,4.229702,4.560091,4.262638,4.063165,3.739679,4.12865,4.381995,4.602536,4.183672,4.130511,4.310565,4.468876,3.703549,4.292953,4.460479,4.066939,4.030267,4.594767,4.4699,3.485882,3.767811,3.434182,4.279036,3.995189,4.221783,4.221251,3.711748,3.992686,3.856406,4.064782,4.396889,4.146724,4.503913,3.919647,4.44579,4.241776,4.262757,4.345623,4.270832,4.091562,4.262209,4.510285,4.309274,4.02863,4.315438,4.532182,3.937495,4.509366,4.127786,4.377739,4.646175,4.477582,4.639772,4.271524,4.359127,3.725706,4.0,4.259942,4.450946,4.366095,4.560015,3.811166,4.577608,4.245987,4.390296,4.656315,4.524433,4.367265,4.724413,4.514606,4.770992,4.229012,4.072399,4.440839,4.378452,4.132122,4.702905,4.491113,4.483033,3.913116,4.101781,4.131243,4.308879,4.650472,4.613737,4.194675,4.631579,4.564882,4.349488,4.366312,4.34774,4.099101,3.937845,4.179167,4.068966,4.43473,4.031373
4.19194,4.756145,4.686397,4.229526,4.559847,4.261814,4.063434,3.740571,4.127762,4.3837,4.602523,4.181724,4.130934,4.31239,4.471064,3.712215,4.292511,4.460483,4.075868,4.026682,4.596359,4.471725,3.485266,3.767097,3.431739,4.278543,3.996985,4.227049,4.207539,3.711002,3.993741,3.855724,4.064535,4.395675,4.147182,4.504649,3.919208,4.445945,4.240208,4.261898,4.345024,4.268629,4.089973,4.263366,4.509822,4.308254,4.026917,4.312669,4.531634,3.934979,4.50772,4.125826,4.375671,4.644778,4.475834,4.639068,4.270236,4.359376,3.725223,4.0,4.258039,4.449267,4.367701,4.55828,3.813407,4.576757,4.245903,4.388414,4.655765,4.523619,4.368943,4.723742,4.513458,4.770561,4.227558,4.067562,4.439753,4.378412,4.134446,4.70229,4.489435,4.482065,3.911844,4.106195,4.130773,4.308768,4.649959,4.612659,4.194828,4.630245,4.569445,4.349355,4.364255,4.34659,4.10191,3.951286,4.182186,4.08,4.442201,4.018868
4.191248,4.75613,4.688321,4.229368,4.560868,4.260937,4.06408,3.740909,4.126539,4.385214,4.602878,4.179917,4.130879,4.313832,4.472315,3.711656,4.291644,4.459771,4.070288,4.024319,4.597698,4.470761,3.483842,3.767039,3.430649,4.278168,3.998605,4.231359,4.200319,3.711324,3.994519,3.855927,4.063229,4.394783,4.14672,4.505262,3.920005,4.445611,4.241199,4.261734,4.344425,4.26667,4.089025,4.263628,4.509337,4.308077,4.02654,4.310693,4.531153,3.937138,4.506465,4.118866,4.374199,4.643856,4.474492,4.638706,4.269388,4.359448,3.725058,4.0,4.257274,4.447883,4.367759,4.557259,3.815055,4.576473,4.245688,4.386773,4.655147,4.52294,4.369883,4.723169,4.512337,4.77082,4.224823,4.059739,4.438784,4.378675,4.136098,4.701724,4.489904,4.481291,3.911061,4.104666,4.130054,4.30873,4.647101,4.611904,4.19743,4.629639,4.571896,4.349365,4.363022,4.345729,4.103385,3.962865,4.186508,4.0625,4.437548,4.022305
4.190611,4.755347,4.691428,4.229503,4.561034,4.259793,4.062392,3.726966,4.126059,4.386179,4.603227,4.178738,4.130214,4.315246,4.472963,3.711382,4.292125,4.458835,4.072727,4.021291,4.598928,4.469826,3.48463,3.76618,3.428123,4.2774,4.002068,4.236509,4.209462,3.711138,3.994899,3.853951,4.063802,4.393312,4.147285,4.505939,3.920239,4.445572,4.24048,4.263057,4.343304,4.264589,4.087564,4.263962,4.508522,4.307201,4.025288,4.30978,4.529558,3.935107,4.504897,4.112597,4.371969,4.642961,4.472682,4.63857,4.268871,4.359876,3.726368,4.015267,4.256492,4.446276,4.367746,4.555758,3.815666,4.575285,4.245173,4.385328,4.654939,4.522146,4.371237,4.723003,4.511286,4.770624,4.222971,4.053651,4.437784,4.378692,4.137744,4.70128,4.489126,4.480356,3.909766,4.105793,4.129038,4.308849,4.645176,4.61113,4.19627,4.628265,4.574932,4.349223,4.36147,4.344768,4.104726,3.962141,4.200772,4.065089,4.438444,4.025641
4.190028,4.7553,4.692635,4.22924,4.562837,4.258952,4.063426,3.72433,4.126304,4.388037,4.603213,4.179074,4.129594,4.312245,4.474318,3.709091,4.292833,4.457099,4.07451,4.019478,4.599715,4.469417,3.48314,3.762694,3.426936,4.276964,4.002668,4.239877,4.204815,3.711546,3.995556,3.852249,4.067177,4.392217,4.147623,4.504625,3.920419,4.44566,4.238956,4.262075,4.342336,4.262921,4.086055,4.253634,4.507848,4.306781,4.024401,4.308572,4.528796,3.934295,4.503234,4.106041,4.370129,4.642225,4.471249,4.637858,4.266565,4.360786,3.726579,4.007576,4.255463,4.445068,4.369168,4.554303,3.818398,4.572576,4.244671,4.384195,4.65572,4.521696,4.372787,4.723216,4.510994,4.770439,4.219975,4.032414,4.436691,4.378111,4.139184,4.700223,4.48959,4.479397,3.908729,4.10875,4.128738,4.308763,4.645447,4.610311,4.194887,4.627325,4.578919,4.348597,4.360419,4.343569,4.107495,3.973008,4.215909,4.08427,4.443136,4.035714
4.189614,4.754868,4.693375,4.229363,4.561441,4.257913,4.063241,3.727072,4.125383,4.390364,4.602899,4.178656,4.129452,4.312746,4.475819,3.712851,4.29377,4.457701,4.068643,4.01681,4.600481,4.469147,3.484856,3.761336,3.42681,4.271002,4.007646,4.247278,4.201944,3.712471,3.995935,3.851053,4.068056,4.391266,4.148058,4.503898,3.92327,4.446149,4.238778,4.262059,4.341653,4.261229,4.085062,4.2499,4.507614,4.306091,4.022456,4.307595,4.528368,3.933421,4.502146,4.100058,4.367717,4.643055,4.46962,4.637619,4.267768,4.360939,3.728062,4.015038,4.256288,4.444211,4.366818,4.553341,3.821767,4.569258,4.244378,4.383268,4.653869,4.521478,4.374496,4.723025,4.509235,4.770588,4.218084,4.025402,4.435937,4.377814,4.140982,4.700072,4.490407,4.479254,3.908184,4.107232,4.129268,4.308549,4.645569,4.608643,4.191109,4.62635,4.582425,4.348103,4.360988,4.342876,4.10947,3.978316,4.226766,4.07027,4.442682,4.031802
4.188905,4.754432,4.694496,4.229936,4.556177,4.256901,4.062746,3.7407,4.124627,4.392066,4.603264,4.178338,4.129488,4.314701,4.477242,3.706931,4.293776,4.457385,4.067181,4.014308,4.601137,4.468389,3.482381,3.759977,3.424603,4.260375,4.011969,4.254428,4.194715,3.71289,3.995791,3.849996,4.071273,4.390135,4.14645,4.502837,3.923478,4.44649,4.23882,4.262126,4.340678,4.259392,4.083692,4.249031,4.5085,4.305463,4.021807,4.306214,4.527949,3.931944,4.5,4.097746,4.365619,4.642032,4.468341,4.63704,4.265612,4.361459,3.727977,4.0,4.255951,4.443083,4.367879,4.552627,3.825088,4.566429,4.244137,4.382282,4.65225,4.521073,4.374977,4.723174,4.506493,4.769745,4.216843,4.021429,4.435008,4.378024,4.141442,4.700182,4.49138,4.477997,3.907678,4.107232,4.128418,4.308251,4.645309,4.607075,4.187036,4.625644,4.585296,4.347921,4.360241,4.342012,4.112367,3.986146,4.226619,4.067358,4.441031,4.027972
4.189104,4.753866,4.694138,4.229717,4.545843,4.255845,4.061015,3.741549,4.123865,4.393395,4.60221,4.178196,4.129132,4.316082,4.478521,3.699605,4.294689,4.457039,4.06764,4.013159,4.601723,4.466767,3.481573,3.75914,3.423565,4.259678,4.013706,4.258389,4.187205,3.713065,3.996337,3.85026,4.071787,4.389724,4.145194,4.502222,3.92358,4.446414,4.237012,4.261605,4.339935,4.257942,4.082385,4.249005,4.508204,4.304828,4.021136,4.304935,4.527232,3.931344,4.49792,4.092494,4.363756,4.64133,4.467044,4.636309,4.263095,4.361577,3.729057,4.0,4.255862,4.441885,4.367178,4.55173,3.827284,4.565433,4.243861,4.381462,4.652114,4.520744,4.375139,4.722924,4.50358,4.768535,4.221113,4.017212,4.434331,4.37822,4.143259,4.699805,4.49218,4.477291,3.907614,4.11208,4.127918,4.308271,4.644228,4.606653,4.190593,4.625008,4.587714,4.347398,4.359233,4.341099,4.114642,3.983851,4.229682,4.064677,4.441054,4.030928
4.190476,4.753928,4.695599,4.22999,4.540123,4.254735,4.0649,3.741585,4.123544,4.396138,4.602846,4.179054,4.130981,4.318106,4.481885,3.692308,4.295681,4.457648,4.066718,4.015418,4.603967,4.466118,3.479277,3.759076,3.418662,4.261392,4.013053,4.260324,4.183828,3.716907,3.996869,3.851278,4.073292,4.390808,4.143903,4.502133,3.924132,4.446068,4.237441,4.261355,4.340765,4.25795,4.082338,4.248838,4.508454,4.306029,4.020104,4.30434,4.527406,3.931188,4.496643,4.079834,4.363532,4.64008,4.465578,4.634694,4.26195,4.362148,3.728181,4.0,4.255811,4.441454,4.369689,4.552668,3.828964,4.565338,4.244645,4.381316,4.651571,4.522699,4.377328,4.722567,4.501856,4.768414,4.22632,4.013224,4.43403,4.379218,4.14533,4.700023,4.491101,4.477996,3.909615,4.115385,4.127887,4.309059,4.643625,4.605812,4.187652,4.623862,4.59032,4.347621,4.359819,4.340828,4.116075,3.985222,4.22028,4.044118,4.439041,4.044218
4.191187,4.754212,4.696465,4.229966,4.541903,4.252189,4.064735,3.741585,4.122924,4.398279,4.603625,4.180168,4.132708,4.31943,4.484204,3.69428,4.296549,4.458183,4.068147,4.017358,4.605518,4.466068,3.477694,3.758438,3.415451,4.262626,4.011831,4.2607,4.181551,3.71977,3.992447,3.852197,4.070959,4.39147,4.144453,4.502154,3.924061,4.4461,4.238189,4.262134,4.34136,4.258171,4.082436,4.251187,4.508748,4.30681,4.019827,4.303848,4.527581,3.930788,4.49576,4.074912,4.36362,4.638937,4.465392,4.634396,4.261791,4.362363,3.727297,4.0,4.255875,4.441188,4.370838,4.553316,3.829356,4.565368,4.245181,4.381321,4.650796,4.523978,4.379113,4.722386,4.500677,4.76916,4.227729,4.011564,4.433881,4.379715,4.14288,4.700162,4.490538,4.47868,3.910928,4.115385,4.12819,4.3098,4.643746,4.60529,4.18502,4.623246,4.592354,4.347866,4.360331,4.340603,4.117219,3.979141,4.216028,4.05314,4.436715,4.044218
4.191613,4.754319,4.697144,4.229886,4.543663,4.250947,4.064636,3.738612,4.121466,4.400212,4.604653,4.181589,4.134578,4.320531,4.486254,3.69428,4.297368,4.458427,4.069519,4.019177,4.606779,4.465042,3.474517,3.756729,3.406684,4.263855,4.01187,4.261049,4.183495,3.722942,3.992968,3.853155,4.069496,4.39211,4.144539,4.500741,3.924139,4.445962,4.237598,4.263113,4.342012,4.258139,4.082508,4.251594,4.508822,4.30774,4.019781,4.303851,4.527882,3.929365,4.494848,4.070163,4.363708,4.637755,4.465249,4.633838,4.261991,4.362724,3.726774,4.0,4.255909,4.441072,4.37277,4.553948,3.830518,4.564847,4.245884,4.381479,4.649145,4.524998,4.380227,4.722011,4.499996,4.769182,4.226156,4.011144,4.433764,4.380278,4.14365,4.700149,4.490734,4.479125,3.912122,4.114002,4.128287,4.310608,4.643346,4.605299,4.185887,4.621618,4.593839,4.348028,4.360973,4.340528,4.117961,3.976857,4.213793,4.065421,4.440752,4.047458
4.192168,4.754517,4.697992,4.229503,4.545125,4.251314,4.064178,3.738895,4.120569,4.402537,4.60563,4.182543,4.136493,4.319791,4.488438,3.699411,4.297824,4.458783,4.069519,4.021056,4.608397,4.46366,3.469671,3.757248,3.396637,4.264958,4.011666,4.260537,4.185411,3.7264,3.993488,3.854221,4.068465,4.392819,4.144792,4.500269,3.923915,4.44559,4.237756,4.256492,4.342808,4.258198,4.082664,4.251493,4.509209,4.308762,4.01848,4.303852,4.528011,3.930245,4.494171,4.06447,4.363633,4.636876,4.465129,4.632612,4.262271,4.363186,3.726161,3.992857,4.255547,4.441088,4.375583,4.55487,3.83158,4.56445,4.246373,4.381532,4.648814,4.526079,4.381615,4.721803,4.498887,4.769472,4.22497,4.009692,4.43357,4.381154,4.144868,4.700384,4.490535,4.479774,3.913459,4.114002,4.128509,4.311044,4.645098,4.605816,4.188452,4.62101,4.596039,4.348424,4.361633,4.340162,4.119029,3.968825,4.214286,4.072727,4.444665,4.043919
4.192906,4.754838,4.697568,4.229216,4.548605,4.251615,4.065599,3.735931,4.120156,4.405152,4.606326,4.184226,4.138773,4.321957,4.490568,3.698039,4.298711,4.458988,4.065549,4.023425,4.610382,4.462462,3.466809,3.756847,3.393191,4.266156,4.010578,4.261162,4.1909,3.729603,3.993794,3.854982,4.069041,4.39359,4.144631,4.499831,3.92373,4.445024,4.237448,4.258707,4.343683,4.258524,4.082999,4.251026,4.510671,4.310096,4.017657,4.303482,4.528374,3.931373,4.493464,4.059155,4.363646,4.635504,4.464962,4.631576,4.261802,4.363473,3.725585,3.992857,4.255947,4.441064,4.374132,4.555624,3.832507,4.564079,4.247062,4.381737,4.648612,4.527364,4.383661,4.721059,4.496766,4.769554,4.225095,4.011131,4.433474,4.382163,4.145801,4.700132,4.49077,4.480328,3.914905,4.114002,4.12888,4.311485,4.64543,4.605431,4.189318,4.620463,4.59726,4.348947,4.362645,4.33972,4.120297,3.97503,4.221477,4.056277,4.445937,4.047138
4.193522,4.755107,4.697664,4.229381,4.550574,4.251713,4.064739,3.735931,4.120111,4.406887,4.605673,4.18488,4.14007,4.324348,4.49173,3.698039,4.299639,4.459893,4.064836,4.02499,4.611785,4.461961,3.462872,3.755617,3.388551,4.266795,4.010506,4.260993,4.192296,3.731324,3.994421,3.856359,4.06935,4.394151,4.144574,4.499734,3.923675,4.444461,4.237547,4.259097,4.344374,4.25875,4.083067,4.251137,4.510732,4.310948,4.017099,4.303375,4.528345,3.932176,4.492104,4.054078,4.363584,4.634696,4.464686,4.630821,4.261743,4.364299,3.725162,3.992908,4.256146,4.440843,4.373485,4.556114,3.834211,4.56364,4.247773,4.381979,4.648828,4.528113,4.384609,4.72075,4.495416,4.769682,4.224133,4.012266,4.43324,4.382997,4.147292,4.700438,4.491205,4.480339,3.916312,4.114002,4.128993,4.313607,4.645153,4.605288,4.188095,4.619672,4.598835,4.34937,4.363096,4.339671,4.120311,3.979882,4.226667,4.055319,4.446871,4.047138
4.194567,4.755295,4.6985,4.230244,4.552309,4.252146,4.065225,3.744086,4.120483,4.410282,4.607201,4.185898,4.142591,4.327081,4.494296,3.699219,4.300664,4.457759,4.065549,4.027699,4.614404,4.461553,3.462243,3.753838,3.384107,4.268197,4.009471,4.260387,4.191423,3.734733,3.993084,3.858521,4.070239,4.395172,4.143539,4.499698,3.923991,4.444212,4.237727,4.259381,4.345533,4.259231,4.083423,4.248504,4.511403,4.312483,4.016584,4.303165,4.528094,3.93234,4.491492,4.046745,4.363641,4.633467,4.464655,4.629854,4.260752,4.365261,3.723975,3.992958,4.255889,4.440718,4.374429,4.554303,3.834832,4.563337,4.248846,4.38236,4.647995,4.530239,4.386441,4.720207,4.493042,4.769982,4.222295,4.014349,4.432673,4.384046,4.149708,4.700773,4.490898,4.480739,3.919188,4.117866,4.128707,4.314668,4.645576,4.60565,4.188924,4.61933,4.601526,4.350027,4.364062,4.339894,4.121757,3.963995,4.228477,4.080972,4.44898,4.036424
4.1952,4.755432,4.697689,4.22937,4.555179,4.252508,4.067102,3.744086,4.120531,4.411754,4.60702,4.186185,4.143518,4.327978,4.495859,3.700971,4.301562,4.457718,4.065449,4.028922,4.615482,4.461674,3.461608,3.753502,3.380373,4.268688,4.008513,4.260005,4.190315,3.735967,3.993155,3.859554,4.070814,4.395697,4.143309,4.499722,3.92477,4.442709,4.237964,4.259607,4.346082,4.259418,4.083474,4.247709,4.511666,4.313219,4.015952,4.302803,4.528089,3.932176,4.491852,4.04749,4.363731,4.633043,4.464382,4.629588,4.258702,4.365393,3.722703,3.992958,4.256086,4.440887,4.374602,4.554116,3.835174,4.562834,4.249163,4.382622,4.647721,4.530968,4.387811,4.720111,4.491924,4.770191,4.221403,4.015437,4.432585,4.384753,4.150795,4.700923,4.490455,4.480984,3.920264,4.112903,4.128675,4.315201,4.646277,4.605746,4.186083,4.618687,4.602767,4.350436,4.364706,4.339802,4.122692,3.95271,4.233553,4.071713,4.449858,4.039604
4.195923,4.755264,4.698366,4.228845,4.555772,4.252858,4.069195,3.73955,4.120853,4.413244,4.607325,4.186577,4.144364,4.328916,4.497309,3.70155,4.301913,4.457866,4.067784,4.030506,4.61665,4.460369,3.460861,3.752753,3.377285,4.269422,4.008092,4.259477,4.187901,3.737435,3.992879,3.859955,4.07055,4.396329,4.143436,4.499809,3.925119,4.442587,4.237794,4.261397,4.346702,4.259684,4.083497,4.247182,4.511886,4.313999,4.015395,4.302474,4.528245,3.933817,4.49104,4.044814,4.363682,4.631928,4.464234,4.629324,4.25828,4.366154,3.721962,3.992958,4.256268,4.44099,4.374962,4.554094,3.835736,4.559657,4.249584,4.382807,4.6476,4.531777,4.388845,4.72032,4.490786,4.770696,4.220238,4.013506,4.432247,4.385484,4.151779,4.700935,4.490324,4.481579,3.921405,4.112903,4.128857,4.315806,4.646552,4.605721,4.18862,4.617989,4.603735,4.350802,4.36515,4.339776,4.124048,3.942595,4.224756,4.039216,4.449198,4.039474
4.196656,4.755307,4.697817,4.229054,4.555652,4.253227,4.066833,3.741453,4.121084,4.415247,4.607624,4.185643,4.145806,4.329991,4.499018,3.694981,4.300555,4.459349,4.067784,4.032039,4.617976,4.460256,3.460744,3.752777,3.375121,4.269971,4.008017,4.261305,4.185455,3.739281,3.993116,3.860643,4.069214,4.396954,4.143324,4.501155,3.924983,4.44204,4.238287,4.262007,4.347289,4.260755,4.083584,4.246348,4.511991,4.31489,4.014948,4.301901,4.528215,3.933796,4.490235,4.043991,4.363814,4.631083,4.4618,4.629208,4.257694,4.366931,3.721491,3.992958,4.256195,4.441261,4.374119,4.554615,3.835922,4.556829,4.249831,4.383177,4.647071,4.532736,4.389846,4.719941,4.488982,4.770538,4.219848,4.014879,4.432065,4.386201,4.153554,4.701092,4.490853,4.48231,3.922587,4.112903,4.12894,4.317204,4.646998,4.605237,4.189461,4.617931,4.604543,4.351227,4.365735,4.339861,4.125448,3.938845,4.227273,4.015326,4.455873,4.042623
4.197434,4.755536,4.70008,4.230078,4.556396,4.253654,4.068686,3.733262,4.121359,4.417538,4.607891,4.184384,4.14747,4.33094,4.500381,3.697495,4.300343,4.458743,4.072727,4.033441,4.61914,4.45978,3.459196,3.752417,3.371234,4.270677,4.007478,4.261283,4.18814,3.740975,3.993331,3.861559,4.069316,4.397541,4.143553,4.501963,3.924828,4.442097,4.238607,4.261796,4.347871,4.261917,4.083787,4.247162,4.512138,4.315597,4.013284,4.301414,4.528415,3.933052,4.490421,4.043813,4.363829,4.630391,4.462458,4.629301,4.257031,4.367762,3.720921,3.992958,4.25616,4.441212,4.374777,4.55473,3.836718,4.555239,4.250031,4.383574,4.645211,4.533658,4.391261,4.719663,4.487915,4.770715,4.219488,4.016339,4.43175,4.387131,4.154838,4.701283,4.490869,4.483137,3.923897,4.114002,4.128903,4.318343,4.647208,4.605175,4.19167,4.618126,4.605685,4.351785,4.366114,4.339793,4.126161,3.938133,4.227273,4.007634,4.4585,4.042208
4.198412,4.755623,4.70159,4.22998,4.556876,4.253954,4.068118,3.734607,4.122164,4.420242,4.608136,4.185957,4.148636,4.331905,4.502541,3.7,4.29983,4.458456,4.07483,4.035113,4.620833,4.458615,3.459089,3.752467,3.369008,4.271444,4.007172,4.262759,4.184954,3.742686,3.994227,3.862674,4.069261,4.398354,4.143363,4.502737,3.924965,4.441816,4.239317,4.261914,4.348573,4.263068,4.083892,4.247041,4.51258,4.31651,4.011626,4.300955,4.528623,3.933933,4.490343,4.044974,4.363905,4.629553,4.461529,4.628937,4.255822,4.368735,3.720647,3.992958,4.256132,4.441384,4.375535,4.555292,3.837414,4.554413,4.250253,4.383947,4.644533,4.534729,4.393194,4.719137,4.486368,4.770802,4.219034,4.017903,4.431654,4.388094,4.155954,4.701459,4.491183,4.484093,3.925203,4.114002,4.128982,4.32023,4.647017,4.605164,4.188217,4.617487,4.610443,4.352386,4.366766,4.339852,4.127588,3.939665,4.219355,4.014925,4.459121,4.042208
4.1992,4.755397,4.701878,4.229928,4.560107,4.253941,4.066864,3.740857,4.121168,4.422972,4.608018,4.187646,4.149695,4.330969,4.503917,3.703065,4.299282,4.458532,4.076577,4.035731,4.622138,4.458222,3.458055,3.754557,3.365273,4.271655,4.007288,4.267074,4.187158,3.743409,3.994766,3.863281,4.069788,4.398597,4.143243,4.503284,3.925195,4.441863,4.239841,4.262961,4.348798,4.264093,4.083635,4.247281,4.512597,4.316971,4.010183,4.299991,4.528604,3.935458,4.487448,4.044529,4.363205,4.629001,4.46092,4.627622,4.255485,4.369515,3.720558,4.0,4.25642,4.440858,4.378662,4.555324,3.838871,4.554164,4.250207,4.384355,4.644313,4.535379,4.394188,4.71831,4.483343,4.770496,4.214483,4.019331,4.431257,4.388187,4.157968,4.701665,4.491126,4.48505,3.926113,4.114957,4.129187,4.32144,4.646885,4.604911,4.186955,4.61684,4.614375,4.352285,4.366874,4.339675,4.130112,3.936877,4.221154,3.961404,4.463546,4.025641
4.200139,4.754869,4.704113,4.230448,4.561977,4.254326,4.067971,3.737924,4.120782,4.425424,4.608187,4.1883,4.150513,4.33168,4.505277,3.705104,4.298965,4.458124,4.074683,4.035443,4.622937,4.456698,3.457353,3.755006,3.359834,4.271711,4.009336,4.269317,4.189895,3.743869,3.996043,3.86587,4.069132,4.398628,4.142355,4.50382,3.925405,4.441784,4.239381,4.263626,4.348501,4.265078,4.082969,4.246986,4.512281,4.317124,4.009281,4.298456,4.525173,3.935292,4.486507,4.04814,4.361615,4.628083,4.460591,4.626843,4.25496,4.370638,3.720386,4.0,4.256415,4.439965,4.379885,4.554921,3.839931,4.553619,4.250076,4.384339,4.643005,4.535705,4.395574,4.717287,4.479032,4.770376,4.210901,4.020013,4.430201,4.388712,4.160262,4.701124,4.491336,4.485798,3.926439,4.114673,4.129746,4.322425,4.647717,4.605856,4.192048,4.61644,4.616706,4.352648,4.366759,4.33964,4.129622,3.943231,4.216049,3.931818,4.464632,4.031746
